domain,bucket
bark.com,directory
chambers.com,directory
checkatrade.com,directory
findlaw.co.uk,directory
lawhive.co.uk,directory
lawyerlocator.co.uk,directory
lawyersolicitor.co.uk,directory
legal500.com,directory
legalcheek.com,directory
legalrank.uk,directory
qualitysolicitors.com,directory
reallymoving.com,directory
reviewsolicitors.co.uk,directory
samconveyancing.co.uk,directory
solicitor.info,directory
solicitors.com,directory
solicitorsup.co.uk,directory
tendorai.com,directory
thesolicitordirectory.co.uk,directory
trustpilot.com,directory
vouchedfor.co.uk,directory
yell.com,directory
yelp.co.uk,directory
yelp.com,directory
facebook.com,forum
instagram.com,forum
linkedin.com,forum
medium.com,forum
mumsnet.com,forum
quora.com,forum
reddit.com,forum
tiktok.com,forum
twitter.com,forum
x.com,forum
youtube.com,forum
bbc.co.uk,media
citizensadvice.org.uk,media
comparethemarket.com,media
dailymail.co.uk,media
en.wikipedia.org,media
gov.uk,media
independent.co.uk,media
lawsociety.org.uk,media
moneysupermarket.com,media
sra.org.uk,media
telegraph.co.uk,media
theguardian.com,media
thisismoney.co.uk,media
which.co.uk,media
wikipedia.org,media
google.co.uk,search
google.com,search
